{
  "Author": "Stack",
  "Name": "Ultimate Combo",
  "InternalName": "UltimateCombo",
  "AssemblyVersion": "1.0.0.63",
  "Description": "Brand new combos like never before - 1 button mode included! Features extra functionality not in other combo plugins like PvP, Blue Mage, Eureka, and Bozja!",
  "ApplicableVersion": "any",
  "RepoUrl": "https://github.com/StackBLU/UltimateCombo",
  "Tags": [
    "ultimate",
    "combo",
    "ultimatecombo",
    "stack",
    "blue",
    "blue mage",
    "eureka",
    "bozja"
  ],
  "DalamudApiLevel": 12,
  "LoadRequiredState": 0,
  "LoadSync": false,
  "CanUnloadAsync": false,
  "LoadPriority": 0,
  "ImageUrls": [
    "https://raw.githubusercontent.com/StackBLU/UltimateCombo/main/images/logoWide.png"
  ],
  "IconUrl": "https://raw.githubusercontent.com/StackBLU/UltimateCombo/main/images/logo.png",
  "Punchline": "The only combo plugin you'll ever need!",
  "AcceptsFeedback": false
}