{
  "Author": "Stack",
  "Name": "Ultimate Combo",
  "InternalName": "UltimateCombo",
  "AssemblyVersion": "1.0.0.1",
  "Description": "Join the discord to get tips or report bugs: https://discord.gg/yPxwkdqhHs",
  "ApplicableVersion": "any",
  "RepoUrl": "https://github.com/StackBLU/UltimateCombo",
  "Tags": [
    "stack",
    "combo",
    "ultimatecombo"
  ],
  "DalamudApiLevel": 10,
  "LoadRequiredState": 0,
  "LoadSync": false,
  "CanUnloadAsync": false,
  "LoadPriority": 0,
  "IconUrl": "https://imgur.com/IhcukEi",
  "Punchline": "The only combo plugin you'll ever need!",
  "AcceptsFeedback": true
}