{
  "Author": "Stack",
  "Name": "Ultimate Combo",
  "InternalName": "UltimateCombo",
  "AssemblyVersion": "1.0.0.1",
  "Description": "A cleaner, more refined, combo plugin for FFXIV!",
  "ApplicableVersion": "any",
  "RepoUrl": "https://github.com/StackBLU/UltimateCombo",
  "Tags": [
    "stack",
    "combo",
    "ultimatecombo"
  ],
  "DalamudApiLevel": 10,
  "LoadRequiredState": 0,
  "LoadSync": false,
  "CanUnloadAsync": false,
  "LoadPriority": 0,
  "IconUrl": "https://raw.githubusercontent.com/StackBLU/UltimateCombo/main/images/logo.png",
  "Punchline": "Trust me, you want this",
  "AcceptsFeedback": true
}