{
  "Author": "Stack",
  "Name": "Ultimate Combo",
  "InternalName": "UltimateCombo",
  "AssemblyVersion": "1.0.0.4",
  "Description": "See github for a link to the discord, where you can ask questions and report bugs",
  "ApplicableVersion": "any",
  "RepoUrl": "https://github.com/StackBLU/UltimateCombo",
  "DalamudApiLevel": 10,
  "LoadRequiredState": 0,
  "LoadSync": false,
  "CanUnloadAsync": false,
  "LoadPriority": 0,
  "IconUrl": "https://i.imgur.com/IhcukEi.png",
  "Punchline": "The only combo plugin you'll ever need!",
  "AcceptsFeedback": true
}